-- phpMyAdmin SQL Dump
-- version 5.2.1
-- https://www.phpmyadmin.net/
--
-- Хост: localhost
-- Время создания: Окт 29 2024 г., 10:18
-- Версия сервера: 10.4.32-MariaDB
-- Версия PHP: 8.2.12

SET SQL_MODE = "NO_AUTO_VALUE_ON_ZERO";
START TRANSACTION;
SET time_zone = "+00:00";


/*!40101 SET @OLD_CHARACTER_SET_CLIENT=@@CHARACTER_SET_CLIENT */;
/*!40101 SET @OLD_CHARACTER_SET_RESULTS=@@CHARACTER_SET_RESULTS */;
/*!40101 SET @OLD_COLLATION_CONNECTION=@@COLLATION_CONNECTION */;
/*!40101 SET NAMES utf8mb4 */;

--
-- База данных: `База3`
--

-- --------------------------------------------------------

--
-- Структура таблицы `Заказы`
--

CREATE TABLE `Заказы` (
  `ID` int(20) NOT NULL,
  `Код заказа` varchar(255) NOT NULL,
  `Дата создания` varchar(255) NOT NULL,
  `Время заказа` varchar(255) NOT NULL,
  `Код клиента` int(20) NOT NULL,
  `Услуги` varchar(255) NOT NULL,
  `Статус` text NOT NULL,
  `Дата закрытия` varchar(255) NOT NULL,
  `Время проката` varchar(255) NOT NULL
) ENGINE=InnoDB DEFAULT CHARSET=utf8mb4 COLLATE=utf8mb4_general_ci;

--
-- Дамп данных таблицы `Заказы`
--

INSERT INTO `Заказы` (`ID`, `Код заказа`, `Дата создания`, `Время заказа`, `Код клиента`, `Услуги`, `Статус`, `Дата закрытия`, `Время проката`) VALUES
(1, '45462526', '12.03.2022', '9:10', 45462526, '34, 31, 353, 336', 'Новая', '', '120 минут'),
(2, '45462527', '13.03.2022', '10:10', 45462527, '98, 45, 89, 99, 123', 'В прокате', '', '600 минут'),
(3, '45462528', '14.03.2022', '11:10', 45462528, '92, 45, 57, 88', 'В прокате', '', '2 часа'),
(4, '45462529', '15.03.2022', '12:10', 45462529, '92, 45, 57, 88, 44', 'Новая', '', '10 часов'),
(5, '45462530', '16.03.2022', '13:10', 45462530, '98, 45, 89, 353, 336, 34', 'Закрыта', '16.04.2022', '320 минут'),
(6, '45462531', '17.03.2022', '14:10', 45462531, '34, 31, 353, 337', 'Новая', '', '480 минут'),
(7, '45462532', '18.03.2022', '15:10', 45462532, '98, 45, 89, 99, 124', 'Новая', '', '4 часа'),
(8, '45462533', '19.03.2022', '16:10', 45462533, '92, 45, 57, 89', 'В прокате', '', '6 часов'),
(9, '45462534', '20.03.2022', '10:00', 45462534, '92, 45, 57, 88, 45', 'В прокате', '', '12 часов'),
(10, '45462535', '21.03.2022', '11:00', 45462535, '98, 45, 89, 353, 336, 35', 'Новая', '', '120 минут'),
(11, '45462536', '22.03.2022', '12:00', 45462536, '34, 31, 353, 338', 'Закрыта', '22.03.2022', '600 минут'),
(12, '45462537', '23.03.2022', '13:00', 45462537, '98, 45, 89, 99, 125', 'В прокате', '', '2 часа'),
(13, '45462538', '24.03.2022', '14:00', 45462538, '92, 45, 57, 90', 'В прокате', '', '10 часов'),
(14, '45462539', '25.03.2022', '15:00', 45462539, '92, 45, 57, 88, 46', 'В прокате', '', '320 минут'),
(15, '45462540', '26.03.2022', '16:00', 45462540, '98, 45, 89, 353, 336, 36', 'Закрыта', '26.04.2022', '480 минут'),
(16, '45462541', '27.03.2022', '17:00', 45462541, '34, 31, 353, 339', 'Новая', '', '4 часа'),
(17, '45462542', '28.03.2022', '18:00', 45462542, '98, 45, 89, 99, 126', 'В прокате', '', '6 часов'),
(18, '45462543', '29.03.2022', '19:00', 45462543, '92, 45, 57, 91', 'В прокате', '', '12 часов'),
(19, '45462544', '30.03.2022', '12:30', 45462544, '92, 45, 57, 88, 47', 'Новая', '', '120 минут'),
(20, '45462545', '31.03.2022', '13:30', 45462545, '98, 45, 89, 353, 336, 37', 'Новая', '', '600 минут'),
(21, '45462546', '01.04.2022', '14:30', 45462546, '34, 31, 353, 340', 'Закрыта', '01.04.2022', '2 часа'),
(22, '45462547', '02.04.2022', '15:30', 45462547, '98, 45, 89, 99, 127', 'Новая', '', '10 часов'),
(23, '45462548', '03.04.2022', '16:30', 45462548, '92, 45, 57, 92', 'Новая', '', '320 минут'),
(24, '45462549', '04.04.2022', '17:30', 45462549, '92, 45, 57, 88, 48', 'В прокате', '', '480 минут'),
(25, '45462550', '05.04.2022', '18:30', 45462550, '98, 45, 89, 353, 336, 38', 'В прокате', '', '4 часа'),
(26, '45462551/ДД.ММ.ГГГГ', '06.04.2022', '15:30', 45462551, '34, 31, 353, 341', 'В прокате', '', '6 часов'),
(27, '45462552/ДД.ММ.ГГГГ', '07.04.2022', '16:30', 45462552, '98, 45, 89, 99, 128', 'В прокате', '', '12 часов'),
(28, '45462553/ДД.ММ.ГГГГ', '08.04.2022', '17:30', 45462553, '92, 45, 57, 93', 'Закрыта', '08.04.2022', '120 минут'),
(29, '45462554/ДД.ММ.ГГГГ', '09.04.2022', '18:30', 45462554, '92, 45, 57, 88, 49', 'Новая', '', '600 минут'),
(30, '45462555/ДД.ММ.ГГГГ', '10.04.2022', '19:30', 45462555, '98, 45, 89, 353, 336, 39', 'В прокате', '', '2 часа'),
(31, '45462556/ДД.ММ.ГГГГ', '11.04.2022', '10:30', 45462556, '34, 31, 353, 342', 'В прокате', '', '10 часов'),
(32, '45462557/ДД.ММ.ГГГГ', '12.04.2022', '11:30', 45462557, '98, 45, 89, 99, 129', 'Новая', '', '320 минут'),
(33, '45462558/ДД.ММ.ГГГГ', '13.04.2022', '12:30', 45462558, '92, 45, 57, 94', 'Новая', '', '480 минут'),
(34, '45462559/ДД.ММ.ГГГГ', '14.04.2022', '13:30', 45462559, '92, 45, 57, 88, 50', 'Новая', '', '4 часа'),
(35, '45462560/ДД.ММ.ГГГГ', '15.04.2022', '14:30', 45462560, '98, 45, 89, 353, 336, 40', 'В прокате', '', '6 часов'),
(36, '45462561/ДД.ММ.ГГГГ', '02.04.2022', '15:30', 45462561, '34, 31, 353, 343', 'В прокате', '', '12 часов'),
(37, '45462562/ДД.ММ.ГГГГ', '03.04.2022', '16:30', 45462562, '98, 45, 89, 99, 130', 'В прокате', '', '120 минут'),
(38, '45462563/ДД.ММ.ГГГГ', '04.04.2022', '17:30', 45462563, '92, 45, 57, 95', 'Закрыта', '04.04.2022', '600 минут'),
(39, '45462564/ДД.ММ.ГГГГ', '05.04.2022', '10:15', 45462564, '92, 45, 57, 88, 51', 'В прокате', '', '2 часа'),
(40, '45462565/ДД.ММ.ГГГГ', '06.04.2022', '11:15', 45462565, '98, 45, 89, 353, 336, 41', 'Новая', '', '10 часов'),
(41, '45462566/ДД.ММ.ГГГГ', '07.04.2022', '12:15', 45462566, '34, 31, 353, 344', 'Закрыта', '07.04.2022', '320 минут'),
(42, '45462567/ДД.ММ.ГГГГ', '08.04.2022', '13:15', 45462567, '98, 45, 89, 99, 131', 'В прокате', '', '480 минут'),
(43, '45462568/ДД.ММ.ГГГГ', '09.04.2022', '14:15', 45462568, '92, 45, 57, 96', 'В прокате', '', '4 часа'),
(44, '45462569/ДД.ММ.ГГГГ', '01.04.2022', '15:15', 45462569, '92, 45, 57, 88, 52', 'В прокате', '', '6 часов'),
(45, '45462570/ДД.ММ.ГГГГ', '02.04.2022', '16:15', 45462570, '98, 45, 89, 353, 336, 42', 'В прокате', '', '12 часов'),
(46, '45462571/ДД.ММ.ГГГГ', '03.04.2022', '10:45', 45462571, '34, 31, 353, 345', 'В прокате', '', '480 минут'),
(47, '45462572/ДД.ММ.ГГГГ', '04.04.2022', '11:45', 45462572, '98, 45, 89, 99, 132', 'Закрыта', '04.04.2022', '320 минут'),
(48, '45462573/ДД.ММ.ГГГГ', '05.04.2022', '12:45', 45462573, '92, 45, 57, 97', 'Новая', '', '480 минут'),
(49, '45462574/ДД.ММ.ГГГГ', '06.04.2022', '13:45', 45462574, '92, 45, 57, 88, 53', 'Новая', '', '4 часа'),
(50, '45462575/ДД.ММ.ГГГГ', '07.04.2022', '14:45', 45462575, '98, 45, 89, 353, 336, 43', 'Новая', '', '6 часов');

-- --------------------------------------------------------

--
-- Структура таблицы `Клиенты`
--

CREATE TABLE `Клиенты` (
  `ФИО` text NOT NULL,
  `Код клиента` int(255) NOT NULL,
  `Паспортные данные` varchar(255) NOT NULL,
  `Дата рождения` date NOT NULL,
  `Адрес` varchar(255) NOT NULL,
  `e-mail` varchar(255) NOT NULL,
  `password` varchar(255) NOT NULL
) ENGINE=InnoDB DEFAULT CHARSET=utf8mb4 COLLATE=utf8mb4_general_ci;

--
-- Дамп данных таблицы `Клиенты`
--

INSERT INTO `Клиенты` (`ФИО`, `Код клиента`, `Паспортные данные`, `Дата рождения`, `Адрес`, `e-mail`, `password`) VALUES
('Фролов Андрей Иванович', 45462526, 'Серия 1180 Номер 176596', '2001-07-14', '344288, г. Санкт-Петербург, ул. Чехова, 1, кв. 34', 'gohufreilagrau-3818@yopmail.com', 'cl12345'),
('Николаев Даниил Всеволодович', 45462527, 'Серия 2280 Номер 223523', '2001-02-10', '614164, г. Санкт-Петербург, ул. Степная, 30, кв. 75', 'xawugosune-1385@yopmail.com', 'cl12346'),
('Снегирев Макар Иванович', 45462528, 'Серия 4560 Номер 354155', '1998-05-21', '394242, г. Санкт-Петербург, ул. Коммунистическая, 43, кв. 57', 'satrahuddusei-4458@yopmail.com', 'cl12347'),
('Иванов Иван Ильич', 45462529, 'Серия 9120 Номер 554296', '1998-10-01', '660540, г. Санкт-Петербург, ул. Солнечная, 25, кв. 78', 'boippaxeufrepra-7093@yopmail.com', 'cl12348'),
('Филиппова Анна Глебовна', 45462530, 'Серия 2367 Номер 558134', '1976-05-31', '125837, г. Санкт-Петербург, ул. Шоссейная, 40, кв. 92', 'zapramaxesu-7741@yopmail.com', 'cl12349'),
('Иванов Михаил Владимирович', 45462531, 'Серия 7101 Номер 669343', '1985-11-04', '125703, г. Санкт-Петербург, ул. Партизанская, 49, кв. 84', 'rouzecroummegre-3899@yopmail.com', 'cl12350'),
('Власов Дмитрий Александрович', 45462532, 'Серия 3455 Номер 719630', '1998-08-17', '625283, г. Санкт-Петербург, ул. Победы, 46, кв. 7', 'ziyeuddocrabri-4748@yopmail.com', 'cl12351'),
('Серова Екатерина Львовна', 45462533, 'Серия 2377 Номер 871623', '1984-10-24', '614611, г. Санкт-Петербург, ул. Молодежная, 50, кв. 78', 'ketameissoinnei-1951@yopmail.com', 'cl12352'),
('Борисова Ирина Ивановна', 45462534, 'Серия 8755 Номер 921148', '1976-10-14', '454311, г. Санкт-Петербург, ул. Новая, 19, кв. 78', 'yipraubaponou-5849@yopmail.com', 'cl12353'),
('Зайцев Никита Артёмович', 45462535, 'Серия 4355 Номер 104594', '1999-10-14', '660007, г. Санкт-Петербург, ул. Октябрьская, 19, кв. 42', 'crapedocouca-3572@yopmail.com', 'cl12354'),
('Медведев Святослав Евгеньевич', 45462536, 'Серия 2791 Номер 114390', '1985-07-13', '603036, г. Санкт-Петербург, ул. Садовая, 4, кв. 13', 'ceigoixakaunni-9227@yopmail.com', 'cl12355'),
('Коротков Кирилл Алексеевич', 45462537, 'Серия 5582 Номер 126286', '1976-05-26', '450983, г. Санкт-Петербург, ул. Комсомольская, 26, кв. 60', 'yeimmeiwauzomo-7054@yopmail.com', 'cl12356'),
('Калашникова Арина Максимовна', 45462538, 'Серия 2978 Номер 133653', '1999-08-13', '394782, г. Санкт-Петербург, ул. Чехова, 3, кв. 14', 'poleifenevi-1560@yopmail.com', 'cl12357'),
('Минина Таисия Кирилловна', 45462539, 'Серия 7512 Номер 141956', '1985-10-13', '603002, г. Санкт-Петербург, ул. Дзержинского, 28, кв. 56', 'kauprezofautei-6607@yopmail.com', 'cl12358'),
('Наумов Серафим Романович', 45462540, 'Серия 5046 Номер 158433', '1999-04-15', '450558, г. Санкт-Петербург, ул. Набережная, 30, кв. 71', 'quaffaullelourei-1667@yopmail.com', 'cl12359'),
('Воробьева Василиса Евгеньевна', 45462541, 'Серия 2460 Номер 169505', '1999-01-13', '394060, г. Санкт-Петербург, ул. Фрунзе, 43, кв. 79', 'jsteele@rojas-robinson.net', 'cl12360'),
('Калинин Александр Андреевич', 45462542, 'Серия 3412 Номер 174593', '1999-01-07', '410661, г. Санкт-Петербург, ул. Школьная, 50, кв. 53', 'vhopkins@lewis-mullen.com', 'cl12361'),
('Кузнецова Милана Владиславовна', 45462543, 'Серия 4950 Номер 183034', '1999-01-24', '625590, г. Санкт-Петербург, ул. Коммунистическая, 20, кв. 34', 'nlewis@yahoo.com', 'cl12362'),
('Фирсов Егор Романович', 45462544, 'Серия 5829 Номер 219464', '1993-09-02', '625683, г. Санкт-Петербург, ул. 8 Марта, 20, кв. 21', 'garciadavid@mckinney-mcbride.com', 'cl12363'),
('Зимина Агния Александровна', 45462545, 'Серия 6443 Номер 208059', '1998-09-03', '400562, г. Санкт-Петербург, ул. Зеленая, 32, кв. 67', 'cbradley@castro.com', 'cl12364'),
('Титов Андрей Глебович', 45462546, 'Серия 7079 Номер 213265', '1985-10-23', '614510, г. Санкт-Петербург, ул. Маяковского, 47, кв. 72', 'cuevascatherine@carlson.biz', 'cl12365'),
('Орлов Николай Егорович', 45462547, 'Серия 8207 Номер 522702', '1985-07-27', '410542, г. Санкт-Петербург, ул. Светлая, 46, кв. 82', 'thomasmoore@wilson-singh.net', 'cl12366'),
('Кузнецова Аиша Михайловна', 45462548, 'Серия 9307 Номер 232158', '1998-10-04', '620839, г. Санкт-Петербург, ул. Цветочная, 8, кв. 100', 'jessica84@hotmail.com', 'cl12367'),
('Куликов Никита Георгиевич', 45462549, 'Серия 1357 Номер 242839', '1999-04-23', '443890, г. Санкт-Петербург, ул. Коммунистическая, 1, кв. 10', 'jessicapark@hotmail.com', 'cl12368'),
('Карпова София Егоровна', 45462550, 'Серия 1167 Номер 256636', '1993-10-01', '603379, г. Санкт-Петербург, ул. Спортивная, 46, кв. 95', 'ginaritter@schneider-buchanan.com', 'cl12369'),
('Смирнова Дарья Макаровна', 45462551, 'Серия 1768 Номер 266986', '1976-03-22', '603721, г. Санкт-Петербург, ул. Гоголя, 41, кв. 57', 'stephen99@yahoo.com', 'cl12370'),
('Абрамова Александра Мироновна', 45462552, 'Серия 1710 Номер 427875', '1999-03-26', '410172, г. Санкт-Петербург, ул. Северная, 13, кв. 86', 'lopezlisa@hotmail.com', 'cl12371'),
('Наумов Руслан Михайлович', 45462553, 'Серия 1806 Номер 289145', '1999-10-11', '420151, г. Санкт-Петербург, ул. Вишневая, 32, кв. 81', 'lori17@hotmail.com', 'cl12372'),
('Бочаров Никита Матвеевич', 45462554, 'Серия 1587 Номер 291249', '1997-06-29', '125061, г. Санкт-Петербург, ул. Подгорная, 8, кв. 74', 'campbellkevin@gardner.com', 'cl12373'),
('Соловьев Давид Ильич', 45462555, 'Серия 1647 Номер 306372', '1984-03-06', '630370, г. Санкт-Петербург, ул. Шоссейная, 24, кв. 81', 'morganhoward@clark.com', 'cl12374'),
('Васильева Валерия Дмитриевна', 45462556, 'Серия 1742 Номер 316556', '1999-09-30', '614753, г. Санкт-Петербург, ул. Полевая, 35, кв. 39', 'carsontamara@gmail.com', 'cl12375'),
('Макарова Василиса Андреевна', 45462557, 'Серия 1474 Номер 326347', '1999-04-08', '426030, г. Санкт-Петербург, ул. Маяковского, 44, кв. 93', 'kevinpatel@gmail.com', 'cl12376'),
('Алексеев Матвей Викторович', 45462558, 'Серия 1452 Номер 339539', '1998-08-02', '450375, г. Санкт-Петербург, ул. Клубная, 44, кв. 80', 'sethbishop@yahoo.com', 'cl12377'),
('Никитина Полина Александровна', 45462559, 'Серия 2077 Номер 443480', '1976-09-19', '625560, г. Санкт-Петербург, ул. Некрасова, 12, кв. 66', 'drollins@schultz-soto.net', 'cl12378'),
('Окулова Олеся Алексеевна', 45462560, 'Серия 2147 Номер 357518', '1999-04-03', '630201, г. Санкт-Петербург, ул. Комсомольская, 17, кв. 25', 'pblack@copeland-winters.org', 'cl12379'),
('Захарова Полина Яновна', 45462561, 'Серия 2687 Номер 363884', '1976-04-21', '190949, г. Санкт-Петербург, ул. Мичурина, 26, кв. 93', 'johnathon.oberbrunner@yahoo.com', 'cl12380'),
('Зайцев Владимир Давидович', 45462562, 'Серия 2376 Номер 443711', '1998-01-26', '350501, г. Санкт-Петербург, ул. Парковая, 2, кв. 7', 'bradly29@gmail.com', 'cl12381'),
('Иванов Виталий Даниилович', 45462563, 'Серия 2568 Номер 386237', '1976-08-11', '450048, г. Санкт-Петербург, ул. Коммунистическая, 21, кв. 3', 'stark.cristina@hilpert.biz', 'cl12382'),
('Захаров Матвей Романович', 45462564, 'Серия 2556 Номер 439376', '1993-07-12', '644921, г. Санкт-Петербург, ул. Школьная, 46, кв. 37', 'bruen.eleanore@yahoo.com', 'cl12383'),
('Иванов Степан Степанович', 45462565, 'Серия 2737 Номер 407501', '1998-09-19', '614228, г. Санкт-Петербург, ул. Дорожная, 36, кв. 54', 'percival.halvorson@yahoo.com', 'cl12384'),
('Ткачева Милана Тимуровна', 45462566, 'Серия 2581 Номер 441645', '1998-05-24', '350940, г. Санкт-Петербург, ул. Первомайская, 23, кв. 2', 'javonte71@kuhlman.biz', 'cl12385'),
('Семенов Даниил Иванович', 45462567, 'Серия 2675 Номер 427933', '1976-01-04', '344990, г. Санкт-Петербург, ул. Красноармейская, 19, кв. 92', 'vconnelly@kautzer.com', 'cl12386'),
('Виноградов Вячеслав Дмитриевич', 45462568, 'Серия 2967 Номер 434531', '1976-07-12', '410248, г. Санкт-Петербург, ул. Чкалова, 11, кв. 75', 'anabelle07@schultz.info', 'cl12387'),
('Соболева Николь Фёдоровна', 45462569, 'Серия 3070 Номер 449655', '1976-05-02', '400839, г. Санкт-Петербург, ул. 8 Марта, 46, кв. 44', 'nitzsche.katlynn@yahoo.com', 'cl12388'),
('Тихонова Анна Львовна', 45462570, 'Серия 3108 Номер 451174', '1985-03-23', '450539, г. Санкт-Петербург, ул. Заводская, 3, кв. 81', 'corine16@von.com', 'cl12389'),
('Кузнецова Ульяна Савельевна', 45462571, 'Серия 3250 Номер 464705', '1999-06-03', '614591, г. Санкт-Петербург, ул. Цветочная, 20, кв. 40', 'otha.wisozk@lubowitz.org', 'cl12390'),
('Смирнова Анна Германовна', 45462572, 'Серия 3392 Номер 471644', '1997-07-18', '400260, г. Санкт-Петербург, ул. Больничная, 30, кв. 53', 'may.kirlin@hotmail.com', 'cl12391'),
('Черепанова Анна Давидовна', 45462573, 'Серия 3497 Номер 487819', '1985-11-06', '660924, г. Санкт-Петербург, ул. Молодежная, 32, кв. 59', 'bryana.kautzer@yahoo.com', 'cl12392'),
('Григорьев Максим Кириллович', 45462574, 'Серия 3560 Номер 491260', '1999-05-26', '644133, г. Санкт-Петербург, ул. Гагарина, 28, кв. 69', 'deborah.christiansen@quigley.biz', 'cl12393'),
('Голубев Даниэль Александрович', 45462575, 'Серия 3620 Номер 506034', '1999-06-14', '450698, г. Санкт-Петербург, ул. Вокзальная, 14, кв. 37', 'connelly.makayla@yahoo.com', 'cl12394'),
('Миронов Юрий Денисович', 45462576, 'Серия 3774 Номер 511438', '1985-01-26', '620653, г. Санкт-Петербург, ул. Западная, 15, кв. 25', 'tatum.collins@fay.org', 'cl12395'),
('Терехов Михаил Андреевич', 45462577, 'Серия 3862 Номер 521377', '1976-07-06', '644321, г. Санкт-Петербург, ул. Клубная, 32, кв. 10', 'itzel73@anderson.com', 'cl12396'),
('Орлова Алиса Михайловна', 45462578, 'Серия 3084 Номер 535966', '1997-02-24', '603653, г. Санкт-Петербург, ул. Молодежная, 2, кв. 45', 'arjun39@hotmail.com', 'cl12397'),
('Кулаков Константин Даниилович', 45462579, 'Серия 4021 Номер 541528', '1993-06-20', '410181, г. Санкт-Петербург, ул. Механизаторов, 16, кв. 74', 'ohara.rebeka@yahoo.com', 'cl12398'),
('Кудрявцев Максим Романович', 45462580, 'Серия 4109 Номер 554053', '1998-05-10', '394207, г. Санкт-Петербург, ул. Свердлова, 31, кв. 28', 'danika58@rath.com', 'cl12399'),
('Соболева Кира Фёдоровна', 45462581, 'Серия 4537 Номер 564868', '1998-03-14', '420633, г. Санкт-Петербург, ул. Матросова, 18, кв. 41', 'janae.bogan@gmail.com', 'cl12400'),
('Коновалов Арсений Максимович', 45462582, 'Серия 4914 Номер 572471', '1985-02-18', '445720, г. Санкт-Петербург, ул. Матросова, 50, кв. 67', 'vern91@yahoo.com', 'cl12401'),
('Гусев Михаил Дмитриевич', 45462583, 'Серия 4445 Номер 581302', '1999-11-23', '400646, г. Санкт-Петербург, ул. Октябрьская, 47, кв. 65', 'mariana.leannon@larkin.net', 'cl12402'),
('Суханова Варвара Матвеевна', 45462584, 'Серия 4743 Номер 598180', '1993-09-13', '644410, г. Санкт-Петербург, ул. Красная, 17, кв. 69', 'vmoore@gmail.com', 'cl12403'),
('Орлова Ясмина Васильевна', 45462585, 'Серия 4741 Номер 601821', '1984-06-24', '400750, г. Санкт-Петербург, ул. Школьная, 36, кв. 71', 'damon.mcclure@mills.com', 'cl12404'),
('Васильева Ксения Константиновна', 45462586, 'Серия 4783 Номер 612567', '1999-08-01', '660590, г. Санкт-Петербург, ул. Дачная, 37, кв. 70', 'grady.reilly@block.com', 'cl12405'),
('Борисова Тамара Данииловна', 45462587, 'Серия 4658 Номер 621200', '1993-05-29', '426083, г. Санкт-Петербург, ул. Механизаторов, 41, кв. 26', 'boyd.koss@yahoo.com', 'cl12406'),
('Дмитриев Мирон Ильич', 45462588, 'Серия 4908 Номер 634613', '1985-04-13', '410569, г. Санкт-Петербург, ул. Парковая, 36, кв. 17', 'obartell@franecki.info', 'cl12407'),
('Лебедева Анна Александровна', 45462589, 'Серия 5092 Номер 642468', '1985-03-30', '443375, г. Санкт-Петербург, ул. Дзержинского, 50, кв. 95', 'reina75@ferry.net', 'cl12408'),
('Пономарев Артём Маркович', 45462590, 'Серия 5155 Номер 465274', '1984-06-02', '614316, г. Санкт-Петербург, ул. Первомайская, 48, кв. 31', 'karson28@hotmail.com', 'cl12409'),
('Борисова Елена Михайловна', 45462591, 'Серия 5086 Номер 666893', '1976-05-23', '445685, г. Санкт-Петербург, ул. Зеленая, 7, кв. 47', 'damaris61@okon.com', 'cl12410'),
('Моисеев Камиль Максимович', 45462592, 'Серия 5333 Номер 675375', '1999-06-17', '614505, г. Санкт-Петербург, ул. Нагорная, 37, кв. 31', 'carroll.jerod@hotmail.com', 'cl12411'),
('Герасимова Дарья Константиновна', 45462593, 'Серия 5493 Номер 684572', '1984-10-13', '426629, г. Санкт-Петербург, ул. Весенняя, 32, кв. 46', 'ron.treutel@quitzon.com', 'cl12412'),
('Михайлова Мария Марковна', 45462594, 'Серия 5150 Номер 696226', '1976-12-02', '603743, г. Санкт-Петербург, ул. Матросова, 19, кв. 20', 'olen79@yahoo.com', 'cl12413'),
('Коршунов Кирилл Максимович', 45462595, 'Серия 1308 Номер 703305', '1985-05-22', '450750, г. Санкт-Петербург, ул. Клубная, 23, кв. 90', 'pacocha.robbie@yahoo.com', 'cl12414');

-- --------------------------------------------------------

--
-- Структура таблицы `Роли`
--

CREATE TABLE `Роли` (
  `RoleID` int(20) NOT NULL,
  `RoleTitle` text NOT NULL
) ENGINE=InnoDB DEFAULT CHARSET=utf8mb4 COLLATE=utf8mb4_general_ci;

--
-- Дамп данных таблицы `Роли`
--

INSERT INTO `Роли` (`RoleID`, `RoleTitle`) VALUES
(1, 'Продавец'),
(2, 'Администратор'),
(3, 'Старший смены');

-- --------------------------------------------------------

--
-- Структура таблицы `Сотрудники`
--

CREATE TABLE `Сотрудники` (
  `SotrudnikiID` int(20) NOT NULL,
  `IDRole` int(20) NOT NULL,
  `Surname` text NOT NULL,
  `Name` text NOT NULL,
  `Otchestvo` text NOT NULL,
  `Email` varchar(255) NOT NULL,
  `Password` varchar(255) NOT NULL,
  `LastLogin` varchar(255) NOT NULL,
  `LoginResult` int(20) NOT NULL
) ENGINE=InnoDB DEFAULT CHARSET=utf8mb4 COLLATE=utf8mb4_general_ci;

--
-- Дамп данных таблицы `Сотрудники`
--

INSERT INTO `Сотрудники` (`SotrudnikiID`, `IDRole`, `Surname`, `Name`, `Otchestvo`, `Email`, `Password`, `LastLogin`, `LoginResult`) VALUES
(101, 1, 'Иванов', 'Иван', 'Иванович', 'Ivanov@namecomp.ru', '2L6KZG', '15:05:2022 13:13:00', 1),
(102, 1, 'Петров', 'Петр', 'Петрович', 'petrov@namecomp.ru', 'uzWC67', '15:05:2022 13:13:00', 1),
(103, 2, 'Федоров', 'Федор', 'Федорович', 'fedorov@namecomp.ru', '8ntwUp', '15:05:2022 13:13:00', 1),
(104, 3, 'Миронов', 'Вениамин', 'Куприянович', 'mironov@namecomp.ru', 'YOyhfR', '15:05:2022 13:13:00', 1),
(105, 3, 'Ширяев', 'Ермолай', 'Вениаминович', 'shiryev@namecomp.ru', 'RSbvHv', '15:05:2022 13:13:00', 0),
(106, 3, 'Игнатов', 'Кассиан', 'Васильевич', 'ignatov@namecomp.ru', 'rwVDh9', '15:05:2022 13:13:00', 1),
(107, 1, 'Хохлов', 'Владимир', 'Мэлсович', 'hohlov@namecomp.ru', 'LdNyos', '15:05:2022 13:13:00', 1),
(108, 1, 'Стрелков', 'Мстислав', 'Георгьевич', 'strelkov@namecomp.ru', 'gynQMT', '15:05:2022 13:13:00', 0),
(109, 1, 'Беляева', 'Лилия', 'Наумовна', 'belyeva@namecomp.ru', 'AtnDjr', '15:05:2022 13:13:00', 1),
(110, 1, 'Смирнова', 'Ульяна', 'Гордеевна', 'smirnova@namecomp.ru', 'JlFRCZ', '15:05:2022 13:13:00', 1);

-- --------------------------------------------------------

--
-- Структура таблицы `Услуги`
--

CREATE TABLE `Услуги` (
  `ID` int(20) NOT NULL,
  `Наименование услуги` varchar(255) NOT NULL,
  `Код услуги` varchar(255) NOT NULL,
  `Стоимость, руб. за час` int(20) NOT NULL
) ENGINE=InnoDB DEFAULT CHARSET=utf8mb4 COLLATE=utf8mb4_general_ci;

--
-- Дамп данных таблицы `Услуги`
--

INSERT INTO `Услуги` (`ID`, `Наименование услуги`, `Код услуги`, `Стоимость, руб. за час`) VALUES
(31, 'Прокат опорного оборудования для катка', 'JUR8R', 500),
(34, 'Обучение катанию на коньках', 'JKFBJ09', 1000),
(44, 'Прокат салазок', 'DHBGFY563', 450),
(45, 'Прокат набора защитного оборудования', 'JFH7382', 800),
(57, 'Прокат ледянки', 'JHVSJF6', 300),
(88, 'Катание на Большом катке', 'DJHGBS982', 400),
(89, 'Прокат детских коньков', 'OIJNB12', 800),
(92, 'Прокат санок', 'HJBUJE21J', 300),
(98, 'Прокат шлема', '63748HF', 300),
(99, 'Прокат вартушки', 'BSFBHV63', 100),
(123, 'Катание на горках', '638VVNQ3', 500),
(336, 'Прокат коньков', '8HFJHG443', 1200),
(353, 'Заточка коньков', '87FDJKHJ', 500);

--
-- Индексы сохранённых таблиц
--

--
-- Индексы таблицы `Заказы`
--
ALTER TABLE `Заказы`
  ADD PRIMARY KEY (`ID`),
  ADD KEY `Код клиента` (`Код клиента`);

--
-- Индексы таблицы `Клиенты`
--
ALTER TABLE `Клиенты`
  ADD PRIMARY KEY (`Код клиента`);

--
-- Индексы таблицы `Роли`
--
ALTER TABLE `Роли`
  ADD PRIMARY KEY (`RoleID`);

--
-- Индексы таблицы `Сотрудники`
--
ALTER TABLE `Сотрудники`
  ADD PRIMARY KEY (`SotrudnikiID`),
  ADD KEY `IDRole` (`IDRole`);

--
-- Индексы таблицы `Услуги`
--
ALTER TABLE `Услуги`
  ADD PRIMARY KEY (`ID`);

--
-- AUTO_INCREMENT для сохранённых таблиц
--

--
-- AUTO_INCREMENT для таблицы `Заказы`
--
ALTER TABLE `Заказы`
  MODIFY `ID` int(20) NOT NULL AUTO_INCREMENT, AUTO_INCREMENT=51;

--
-- AUTO_INCREMENT для таблицы `Клиенты`
--
ALTER TABLE `Клиенты`
  MODIFY `Код клиента` int(255) NOT NULL AUTO_INCREMENT, AUTO_INCREMENT=45462596;

--
-- AUTO_INCREMENT для таблицы `Роли`
--
ALTER TABLE `Роли`
  MODIFY `RoleID` int(20) NOT NULL AUTO_INCREMENT, AUTO_INCREMENT=4;

--
-- AUTO_INCREMENT для таблицы `Сотрудники`
--
ALTER TABLE `Сотрудники`
  MODIFY `SotrudnikiID` int(20) NOT NULL AUTO_INCREMENT, AUTO_INCREMENT=111;

--
-- AUTO_INCREMENT для таблицы `Услуги`
--
ALTER TABLE `Услуги`
  MODIFY `ID` int(20) NOT NULL AUTO_INCREMENT, AUTO_INCREMENT=354;

--
-- Ограничения внешнего ключа сохраненных таблиц
--

--
-- Ограничения внешнего ключа таблицы `Заказы`
--
ALTER TABLE `Заказы`
  ADD CONSTRAINT `Заказы_ibfk_1` FOREIGN KEY (`Код клиента`) REFERENCES `Клиенты` (`Код клиента`);

--
-- Ограничения внешнего ключа таблицы `Сотрудники`
--
ALTER TABLE `Сотрудники`
  ADD CONSTRAINT `Сотрудники_ibfk_1` FOREIGN KEY (`IDRole`) REFERENCES `Роли` (`RoleID`);
COMMIT;

/*!40101 SET CHARACTER_SET_CLIENT=@OLD_CHARACTER_SET_CLIENT */;
/*!40101 SET CHARACTER_SET_RESULTS=@OLD_CHARACTER_SET_RESULTS */;
/*!40101 SET COLLATION_CONNECTION=@OLD_COLLATION_CONNECTION */;
