-- phpMyAdmin SQL Dump
-- version 5.2.1
-- https://www.phpmyadmin.net/
--
-- Хост: localhost
-- Время создания: Ноя 12 2024 г., 11:20
-- Версия сервера: 10.4.32-MariaDB
-- Версия PHP: 8.2.12

SET SQL_MODE = "NO_AUTO_VALUE_ON_ZERO";
START TRANSACTION;
SET time_zone = "+00:00";


/*!40101 SET @OLD_CHARACTER_SET_CLIENT=@@CHARACTER_SET_CLIENT */;
/*!40101 SET @OLD_CHARACTER_SET_RESULTS=@@CHARACTER_SET_RESULTS */;
/*!40101 SET @OLD_COLLATION_CONNECTION=@@COLLATION_CONNECTION */;
/*!40101 SET NAMES utf8mb4 */;

--
-- База данных: `База`
--

-- --------------------------------------------------------

--
-- Структура таблицы `request`
--

CREATE TABLE `request` (
  `id` int(11) NOT NULL,
  `user_id` int(11) NOT NULL,
  `status_id` int(11) NOT NULL,
  `auto_number` varchar(255) NOT NULL,
  `text` text NOT NULL,
  `created_at` datetime DEFAULT NULL
) ENGINE=InnoDB DEFAULT CHARSET=utf8mb4 COLLATE=utf8mb4_general_ci;

--
-- Дамп данных таблицы `request`
--

INSERT INTO `request` (`id`, `user_id`, `status_id`, `auto_number`, `text`, `created_at`) VALUES
(8, 3, 1, '4', 'длфы', NULL),
(9, 2, 2, '5', '1212', NULL),
(12, 3, 3, 'Заявка', '1111', NULL);

-- --------------------------------------------------------

--
-- Структура таблицы `role`
--

CREATE TABLE `role` (
  `id` int(11) NOT NULL,
  `code` varchar(255) NOT NULL,
  `name` varchar(255) NOT NULL
) ENGINE=InnoDB DEFAULT CHARSET=utf8mb4 COLLATE=utf8mb4_general_ci;

--
-- Дамп данных таблицы `role`
--

INSERT INTO `role` (`id`, `code`, `name`) VALUES
(1, 'user', 'Пользователь'),
(2, 'admin', 'Administrator');

-- --------------------------------------------------------

--
-- Структура таблицы `status`
--

CREATE TABLE `status` (
  `id` int(11) NOT NULL,
  `code` varchar(255) NOT NULL,
  `name` varchar(255) NOT NULL
) ENGINE=InnoDB DEFAULT CHARSET=utf8mb4 COLLATE=utf8mb4_general_ci;

--
-- Дамп данных таблицы `status`
--

INSERT INTO `status` (`id`, `code`, `name`) VALUES
(1, 'new', 'Новое'),
(2, 'approve', 'Подтверждено'),
(3, 'rejected', 'Отклонено');

-- --------------------------------------------------------

--
-- Структура таблицы `user`
--

CREATE TABLE `user` (
  `id` int(11) NOT NULL,
  `role_id` int(11) NOT NULL,
  `username` varchar(255) NOT NULL,
  `password` varchar(255) NOT NULL,
  `email` varchar(255) NOT NULL,
  `first_name` varchar(255) NOT NULL,
  `last_name` varchar(255) NOT NULL,
  `middle_name` varchar(255) NOT NULL
) ENGINE=InnoDB DEFAULT CHARSET=utf8mb4 COLLATE=utf8mb4_general_ci;

--
-- Дамп данных таблицы `user`
--

INSERT INTO `user` (`id`, `role_id`, `username`, `password`, `email`, `first_name`, `last_name`, `middle_name`) VALUES
(1, 2, 'copp', '5f4dcc3b5aa765d61d8327deb882cf99', 'kolc-333@mail.ru', 'Ruslan', 'Ruslan', 'Ruslan'),
(2, 1, 'user', 'a722c63db8ec8625af6cf71cb8c2d939', 'kolc-444@mail.ru', 'Rus', 'Rus', 'Rus'),
(3, 1, 'user2', '6cb75f652a9b52798eb6cf2201057c73', 'kolc-555@mail.ru', 'Руслан', 'Руслан', 'Руслан');

--
-- Индексы сохранённых таблиц
--

--
-- Индексы таблицы `request`
--
ALTER TABLE `request`
  ADD PRIMARY KEY (`id`),
  ADD UNIQUE KEY `auto_number` (`auto_number`),
  ADD KEY `user_id` (`user_id`),
  ADD KEY `status_id` (`status_id`);

--
-- Индексы таблицы `role`
--
ALTER TABLE `role`
  ADD PRIMARY KEY (`id`),
  ADD UNIQUE KEY `code` (`code`);

--
-- Индексы таблицы `status`
--
ALTER TABLE `status`
  ADD PRIMARY KEY (`id`),
  ADD UNIQUE KEY `code` (`code`);

--
-- Индексы таблицы `user`
--
ALTER TABLE `user`
  ADD PRIMARY KEY (`id`),
  ADD UNIQUE KEY `role_id` (`role_id`,`username`,`email`);

--
-- AUTO_INCREMENT для сохранённых таблиц
--

--
-- AUTO_INCREMENT для таблицы `request`
--
ALTER TABLE `request`
  MODIFY `id` int(11) NOT NULL AUTO_INCREMENT, AUTO_INCREMENT=13;

--
-- AUTO_INCREMENT для таблицы `role`
--
ALTER TABLE `role`
  MODIFY `id` int(11) NOT NULL AUTO_INCREMENT, AUTO_INCREMENT=3;

--
-- AUTO_INCREMENT для таблицы `status`
--
ALTER TABLE `status`
  MODIFY `id` int(11) NOT NULL AUTO_INCREMENT, AUTO_INCREMENT=4;

--
-- Ограничения внешнего ключа сохраненных таблиц
--

--
-- Ограничения внешнего ключа таблицы `request`
--
ALTER TABLE `request`
  ADD CONSTRAINT `request_ibfk_1` FOREIGN KEY (`user_id`) REFERENCES `user` (`id`),
  ADD CONSTRAINT `request_ibfk_2` FOREIGN KEY (`status_id`) REFERENCES `status` (`id`);

--
-- Ограничения внешнего ключа таблицы `role`
--
ALTER TABLE `role`
  ADD CONSTRAINT `role_ibfk_1` FOREIGN KEY (`id`) REFERENCES `user` (`role_id`);
COMMIT;

/*!40101 SET CHARACTER_SET_CLIENT=@OLD_CHARACTER_SET_CLIENT */;
/*!40101 SET CHARACTER_SET_RESULTS=@OLD_CHARACTER_SET_RESULTS */;
/*!40101 SET COLLATION_CONNECTION=@OLD_COLLATION_CONNECTION */;
